Auto-update on Sat May 17 01:53:01 UTC 2025
Auto-update on Sun May 18 03:34:40 UTC 2025
Auto-update on Mon May 19 03:37:15 UTC 2025
Auto-update on Tue May 20 03:31:30 UTC 2025
Auto-update on Wed May 21 03:30:52 UTC 2025
Auto-update on Thu May 22 03:31:09 UTC 2025
Auto-update on Fri May 23 03:31:02 UTC 2025
Auto-update on Sat May 24 03:16:01 UTC 2025
Auto-update on Sun May 25 03:37:26 UTC 2025
Auto-update on Mon May 26 03:35:20 UTC 2025
Auto-update on Tue May 27 03:30:59 UTC 2025
Auto-update on Wed May 28 03:32:31 UTC 2025
Auto-update on Thu May 29 03:33:33 UTC 2025
Auto-update on Fri May 30 03:31:47 UTC 2025
Auto-update on Sat May 31 03:29:44 UTC 2025
Auto-update on Sun Jun  1 03:52:27 UTC 2025
Auto-update on Mon Jun  2 03:41:37 UTC 2025
Auto-update on Tue Jun  3 03:35:43 UTC 2025
Auto-update on Wed Jun  4 03:36:16 UTC 2025
Auto-update on Thu Jun  5 03:36:54 UTC 2025
Auto-update on Fri Jun  6 03:36:02 UTC 2025
Auto-update on Sat Jun  7 03:32:42 UTC 2025
Auto-update on Sun Jun  8 03:41:53 UTC 2025
Auto-update on Mon Jun  9 03:42:03 UTC 2025
Auto-update on Tue Jun 10 03:37:58 UTC 2025
Auto-update on Wed Jun 11 03:37:28 UTC 2025
Auto-update on Thu Jun 12 03:36:23 UTC 2025
Auto-update on Fri Jun 13 03:37:34 UTC 2025
Auto-update on Sat Jun 14 03:31:55 UTC 2025
Auto-update on Sun Jun 15 03:42:08 UTC 2025
Auto-update on Mon Jun 16 03:42:50 UTC 2025
Auto-update on Tue Jun 17 01:47:30 UTC 2025
Auto-update on Wed Jun 18 01:46:31 UTC 2025
Auto-update on Thu Jun 19 01:47:55 UTC 2025
Auto-update on Fri Jun 20 01:46:50 UTC 2025
Auto-update on Sat Jun 21 01:44:53 UTC 2025
Auto-update on Sun Jun 22 01:55:21 UTC 2025
Auto-update on Mon Jun 23 01:53:57 UTC 2025
Auto-update on Tue Jun 24 01:48:21 UTC 2025
Auto-update on Wed Jun 25 01:48:28 UTC 2025
Auto-update on Thu Jun 26 01:47:20 UTC 2025
Auto-update on Fri Jun 27 01:48:34 UTC 2025
Auto-update on Sat Jun 28 01:44:15 UTC 2025
Auto-update on Sun Jun 29 01:57:30 UTC 2025
Auto-update on Mon Jun 30 01:53:06 UTC 2025
Auto-update on Tue Jul  1 01:58:49 UTC 2025
Auto-update on Wed Jul  2 01:47:52 UTC 2025
Auto-update on Thu Jul  3 01:48:16 UTC 2025
Auto-update on Fri Jul  4 01:47:57 UTC 2025
Auto-update on Sat Jul  5 01:43:54 UTC 2025
Auto-update on Sun Jul  6 01:56:02 UTC 2025
Auto-update on Mon Jul  7 01:53:39 UTC 2025
Auto-update on Tue Jul  8 01:48:49 UTC 2025
Auto-update on Wed Jul  9 01:49:52 UTC 2025
Auto-update on Thu Jul 10 01:50:00 UTC 2025
Auto-update on Fri Jul 11 01:52:08 UTC 2025
Auto-update on Sat Jul 12 01:53:23 UTC 2025
Auto-update on Sun Jul 13 02:01:27 UTC 2025
Auto-update on Mon Jul 14 01:56:38 UTC 2025
Auto-update on Tue Jul 15 01:56:46 UTC 2025
Auto-update on Wed Jul 16 01:53:33 UTC 2025
Auto-update on Thu Jul 17 01:54:06 UTC 2025
Auto-update on Fri Jul 18 01:55:56 UTC 2025
Auto-update on Sat Jul 19 01:49:55 UTC 2025
Auto-update on Sun Jul 20 02:02:43 UTC 2025
Auto-update on Mon Jul 21 02:00:08 UTC 2025
Auto-update on Tue Jul 22 01:54:37 UTC 2025
Auto-update on Wed Jul 23 01:55:34 UTC 2025
Auto-update on Thu Jul 24 01:54:39 UTC 2025
Auto-update on Fri Jul 25 01:54:19 UTC 2025
Auto-update on Sat Jul 26 01:50:51 UTC 2025
Auto-update on Sun Jul 27 02:03:34 UTC 2025
Auto-update on Mon Jul 28 02:01:16 UTC 2025
Auto-update on Tue Jul 29 02:06:56 UTC 2025
Auto-update on Wed Jul 30 01:57:16 UTC 2025
Auto-update on Thu Jul 31 01:57:08 UTC 2025
Auto-update on Fri Aug  1 02:07:03 UTC 2025
Auto-update on Sat Aug  2 01:51:24 UTC 2025
Auto-update on Sun Aug  3 02:05:09 UTC 2025
Auto-update on Mon Aug  4 02:05:19 UTC 2025
Auto-update on Tue Aug  5 01:59:53 UTC 2025
Auto-update on Wed Aug  6 01:58:00 UTC 2025
Auto-update on Thu Aug  7 01:58:34 UTC 2025
Auto-update on Fri Aug  8 01:57:50 UTC 2025
Auto-update on Sat Aug  9 01:47:31 UTC 2025
Auto-update on Sun Aug 10 02:01:36 UTC 2025
Auto-update on Mon Aug 11 01:57:59 UTC 2025
Auto-update on Tue Aug 12 01:46:36 UTC 2025
Auto-update on Wed Aug 13 01:48:44 UTC 2025
Auto-update on Thu Aug 14 01:48:57 UTC 2025
Auto-update on Fri Aug 15 01:49:32 UTC 2025
Auto-update on Sat Aug 16 01:44:03 UTC 2025
Auto-update on Sun Aug 17 01:55:03 UTC 2025
Auto-update on Mon Aug 18 01:55:33 UTC 2025
Auto-update on Tue Aug 19 01:43:18 UTC 2025
Auto-update on Wed Aug 20 01:41:42 UTC 2025
Auto-update on Thu Aug 21 01:40:51 UTC 2025
Auto-update on Fri Aug 22 01:41:17 UTC 2025
Auto-update on Sat Aug 23 01:38:07 UTC 2025
Auto-update on Sun Aug 24 01:50:54 UTC 2025
Auto-update on Mon Aug 25 01:45:39 UTC 2025
Auto-update on Tue Aug 26 01:42:31 UTC 2025
Auto-update on Wed Aug 27 01:39:00 UTC 2025
Auto-update on Thu Aug 28 01:38:39 UTC 2025
Auto-update on Fri Aug 29 01:38:33 UTC 2025
Auto-update on Sat Aug 30 01:26:12 UTC 2025
Auto-update on Sun Aug 31 01:43:20 UTC 2025
Auto-update on Mon Sep  1 01:52:33 UTC 2025
Auto-update on Tue Sep  2 01:40:03 UTC 2025
Auto-update on Wed Sep  3 01:26:04 UTC 2025
Auto-update on Thu Sep  4 01:26:07 UTC 2025
Auto-update on Fri Sep  5 01:36:12 UTC 2025
Auto-update on Sat Sep  6 01:25:56 UTC 2025
Auto-update on Sun Sep  7 01:41:00 UTC 2025
Auto-update on Mon Sep  8 01:41:00 UTC 2025
Auto-update on Tue Sep  9 01:37:43 UTC 2025
Auto-update on Wed Sep 10 01:26:43 UTC 2025
Auto-update on Thu Sep 11 01:37:05 UTC 2025
Auto-update on Fri Sep 12 01:25:59 UTC 2025
Auto-update on Sat Sep 13 01:22:09 UTC 2025
Auto-update on Sun Sep 14 01:40:31 UTC 2025
Auto-update on Mon Sep 15 01:42:09 UTC 2025
Auto-update on Tue Sep 16 01:26:46 UTC 2025
Auto-update on Wed Sep 17 01:26:59 UTC 2025
Auto-update on Thu Sep 18 01:26:31 UTC 2025
Auto-update on Fri Sep 19 01:37:01 UTC 2025
Auto-update on Sat Sep 20 01:25:15 UTC 2025
Auto-update on Sun Sep 21 01:43:28 UTC 2025
Auto-update on Mon Sep 22 01:43:26 UTC 2025
Auto-update on Tue Sep 23 01:27:29 UTC 2025
Auto-update on Wed Sep 24 01:36:40 UTC 2025
Auto-update on Thu Sep 25 01:37:01 UTC 2025
Auto-update on Fri Sep 26 01:36:17 UTC 2025
Auto-update on Sat Sep 27 01:25:02 UTC 2025
Auto-update on Sun Sep 28 01:44:24 UTC 2025
Auto-update on Mon Sep 29 01:39:06 UTC 2025
Auto-update on Tue Sep 30 01:27:50 UTC 2025
Auto-update on Wed Oct  1 01:45:54 UTC 2025
Auto-update on Thu Oct  2 01:26:42 UTC 2025
Auto-update on Fri Oct  3 01:26:22 UTC 2025
Auto-update on Sat Oct  4 01:24:04 UTC 2025
Auto-update on Sun Oct  5 01:43:19 UTC 2025
Auto-update on Mon Oct  6 01:37:22 UTC 2025
Auto-update on Tue Oct  7 01:27:32 UTC 2025
Auto-update on Wed Oct  8 01:35:43 UTC 2025
Auto-update on Thu Oct  9 01:36:07 UTC 2025
Auto-update on Fri Oct 10 01:37:00 UTC 2025
Auto-update on Sat Oct 11 01:25:23 UTC 2025
Auto-update on Sun Oct 12 01:39:45 UTC 2025
Auto-update on Mon Oct 13 01:42:49 UTC 2025
Auto-update on Tue Oct 14 01:36:34 UTC 2025
Auto-update on Wed Oct 15 01:39:44 UTC 2025
Auto-update on Thu Oct 16 01:38:35 UTC 2025
Auto-update on Fri Oct 17 01:37:37 UTC 2025
Auto-update on Sat Oct 18 01:25:41 UTC 2025
Auto-update on Sun Oct 19 01:48:14 UTC 2025
Auto-update on Mon Oct 20 01:45:51 UTC 2025
Auto-update on Tue Oct 21 01:40:27 UTC 2025
Auto-update on Wed Oct 22 01:43:03 UTC 2025
Auto-update on Thu Oct 23 01:39:23 UTC 2025
Auto-update on Fri Oct 24 01:27:33 UTC 2025
Auto-update on Sat Oct 25 01:36:53 UTC 2025
Auto-update on Sun Oct 26 01:45:01 UTC 2025
Auto-update on Mon Oct 27 01:48:48 UTC 2025
Auto-update on Tue Oct 28 01:39:16 UTC 2025
Auto-update on Wed Oct 29 01:45:28 UTC 2025
Auto-update on Thu Oct 30 01:45:13 UTC 2025
Auto-update on Fri Oct 31 01:41:44 UTC 2025
Auto-update on Sat Nov  1 01:45:15 UTC 2025
Auto-update on Sun Nov  2 01:47:24 UTC 2025
Auto-update on Mon Nov  3 01:46:34 UTC 2025
Auto-update on Tue Nov  4 01:42:27 UTC 2025
Auto-update on Wed Nov  5 01:44:04 UTC 2025
Auto-update on Thu Nov  6 01:43:40 UTC 2025
Auto-update on Fri Nov  7 01:42:38 UTC 2025
Auto-update on Sat Nov  8 01:37:12 UTC 2025
Auto-update on Sun Nov  9 01:46:13 UTC 2025
Auto-update on Mon Nov 10 01:47:48 UTC 2025
Auto-update on Tue Nov 11 01:44:30 UTC 2025
Auto-update on Wed Nov 12 01:43:47 UTC 2025
Auto-update on Thu Nov 13 01:44:49 UTC 2025
Auto-update on Fri Nov 14 01:44:39 UTC 2025
Auto-update on Sat Nov 15 01:40:18 UTC 2025
Auto-update on Sun Nov 16 01:49:06 UTC 2025
Auto-update on Mon Nov 17 01:45:03 UTC 2025
Auto-update on Tue Nov 18 01:43:04 UTC 2025
Auto-update on Wed Nov 19 01:43:21 UTC 2025
Auto-update on Thu Nov 20 01:42:01 UTC 2025
Auto-update on Fri Nov 21 01:42:53 UTC 2025
Auto-update on Sat Nov 22 01:39:19 UTC 2025
Auto-update on Sun Nov 23 01:56:05 UTC 2025
Auto-update on Mon Nov 24 01:50:48 UTC 2025
Auto-update on Tue Nov 25 01:44:53 UTC 2025
Auto-update on Wed Nov 26 01:44:28 UTC 2025
Auto-update on Thu Nov 27 01:42:45 UTC 2025
Auto-update on Fri Nov 28 01:42:31 UTC 2025
Auto-update on Sat Nov 29 01:42:02 UTC 2025
Auto-update on Sun Nov 30 01:54:54 UTC 2025
Auto-update on Mon Dec  1 02:02:42 UTC 2025
Auto-update on Tue Dec  2 01:46:52 UTC 2025
Auto-update on Wed Dec  3 01:46:18 UTC 2025
Auto-update on Thu Dec  4 01:47:09 UTC 2025
Auto-update on Fri Dec  5 01:47:54 UTC 2025
Auto-update on Sat Dec  6 01:41:28 UTC 2025
Auto-update on Sun Dec  7 01:55:28 UTC 2025
Auto-update on Mon Dec  8 01:48:16 UTC 2025
Auto-update on Tue Dec  9 01:47:21 UTC 2025
Auto-update on Wed Dec 10 01:49:27 UTC 2025
Auto-update on Thu Dec 11 01:50:41 UTC 2025
Auto-update on Fri Dec 12 01:49:43 UTC 2025
Auto-update on Sat Dec 13 01:44:09 UTC 2025
Auto-update on Sun Dec 14 01:56:05 UTC 2025
Auto-update on Mon Dec 15 01:53:55 UTC 2025
Auto-update on Tue Dec 16 01:50:43 UTC 2025
Auto-update on Wed Dec 17 01:46:12 UTC 2025
Auto-update on Thu Dec 18 01:46:38 UTC 2025
Auto-update on Fri Dec 19 01:49:45 UTC 2025
Auto-update on Sat Dec 20 01:44:08 UTC 2025
Auto-update on Sun Dec 21 01:56:10 UTC 2025
Auto-update on Mon Dec 22 01:55:31 UTC 2025
Auto-update on Tue Dec 23 01:50:45 UTC 2025
Auto-update on Wed Dec 24 01:48:57 UTC 2025
Auto-update on Thu Dec 25 01:51:12 UTC 2025
Auto-update on Fri Dec 26 01:50:16 UTC 2025
Auto-update on Sat Dec 27 01:48:10 UTC 2025
Auto-update on Sun Dec 28 02:01:30 UTC 2025
Auto-update on Mon Dec 29 01:59:52 UTC 2025
Auto-update on Tue Dec 30 01:51:52 UTC 2025
Auto-update on Wed Dec 31 01:51:57 UTC 2025
Auto-update on Thu Jan  1 02:02:22 UTC 2026
Auto-update on Fri Jan  2 01:53:26 UTC 2026
Auto-update on Sat Jan  3 01:47:26 UTC 2026
Auto-update on Sun Jan  4 02:03:03 UTC 2026
Auto-update on Mon Jan  5 02:03:10 UTC 2026
Auto-update on Tue Jan  6 01:53:22 UTC 2026
Auto-update on Wed Jan  7 01:53:13 UTC 2026
Auto-update on Thu Jan  8 01:53:34 UTC 2026
Auto-update on Fri Jan  9 01:54:17 UTC 2026
Auto-update on Sat Jan 10 01:50:20 UTC 2026
Auto-update on Sun Jan 11 02:02:49 UTC 2026
Auto-update on Mon Jan 12 01:59:33 UTC 2026
Auto-update on Tue Jan 13 01:51:01 UTC 2026
Auto-update on Wed Jan 14 01:57:57 UTC 2026
Auto-update on Thu Jan 15 01:53:16 UTC 2026
Auto-update on Fri Jan 16 01:55:00 UTC 2026
Auto-update on Sat Jan 17 01:49:10 UTC 2026
Auto-update on Sun Jan 18 02:01:55 UTC 2026
Auto-update on Mon Jan 19 01:59:53 UTC 2026
Auto-update on Tue Jan 20 01:54:52 UTC 2026
Auto-update on Wed Jan 21 01:57:34 UTC 2026
Auto-update on Thu Jan 22 01:58:21 UTC 2026
Auto-update on Fri Jan 23 01:54:30 UTC 2026
